Patch,Status,Description,Files Modified,Issue Found,Solution Applied,Verified
PATCH-001,COMPLETED,Add typeof window check in api.ts interceptor,"lib/api.ts",Server-side localStorage access,Added typeof window check,YES
PATCH-002,COMPLETED,Add explicit localStorage save in login handler,"app/login/page.tsx",Race condition in token save,Direct localStorage.setItem before Zustand,YES
PATCH-003,COMPLETED,Add hydration check in dashboard layout,"app/dashboard/layout.tsx",Premature auth check before rehydration,Added isHydrated flag check,YES
PATCH-004,COMPLETED,Debug token persistence - Add comprehensive logging,"lib/api.ts, app/login/page.tsx",Token not available when dashboard loads,Added console.log for debugging,YES
PATCH-005,COMPLETED,Fix unsafe token access causing crash,app/login/page.tsx,data.data.accessToken crash if undefined,Added safe access and validation,YES
PATCH-006,COMPLETED,Fix token path - backend returns nested tokens object,app/login/page.tsx,Tokens at data.data.tokens.accessToken not data.data.accessToken,Updated token path to access nested tokens object,YES
PATCH-007,IN_PROGRESS,Fix 403 Forbidden on dashboard endpoint,"Backend analytics controller",User authenticated but 403 Forbidden on dashboard data fetch,Check backend role permissions for analytics endpoint,INVESTIGATING

AUTHENTICATION_STATUS: ✅ FIXED - Login works, tokens persist, dashboard loads successfully
NEW_ISSUE: 403 Forbidden when accessing /api/v1/analytics/dashboard endpoint
BACKEND_LOG_NEEDED: Check what backend returns for 403 and why user lacks permission